name,fips_state,fips_county
autauga county,1,1
baldwin county,1,3
barbour county,1,5
bibb county,1,7
blount county,1,9
bullock county,1,11
butler county,1,13
calhoun county,1,15
chambers county,1,17
cherokee county,1,19
chilton county,1,21
choctaw county,1,23
clarke county,1,25
clay county,1,27
cleburne county,1,29
coffee county,1,31
colbert county,1,33
conecuh county,1,35
coosa county,1,37
covington county,1,39
crenshaw county,1,41
cullman county,1,43
dale county,1,45
dallas county,1,47
dekalb county,1,49
elmore county,1,51
escambia county,1,53
etowah county,1,55
fayette county,1,57
franklin county,1,59
geneva county,1,61
greene county,1,63
hale county,1,65
henry county,1,67
houston county,1,69
jackson county,1,71
jefferson county,1,73
lamar county,1,75
lauderdale county,1,77
lawrence county,1,79
lee county,1,81
limestone county,1,83
lowndes county,1,85
macon county,1,87
madison county,1,89
marengo county,1,91
marion county,1,93
marshall county,1,95
mobile county,1,97
monroe county,1,99
montgomery county,1,101
morgan county,1,103
perry county,1,105
pickens county,1,107
pike county,1,109
randolph county,1,111
russell county,1,113
st. clair county,1,115
shelby county,1,117
sumter county,1,119
talladega county,1,121
tallapoosa county,1,123
tuscaloosa county,1,125
walker county,1,127
washington county,1,129
wilcox county,1,131
winston county,1,133
aleutians east borough,2,13
aleutians west census area,2,16
anchorage borough/municipality,2,20
bethel census area,2,50
bristol bay borough,2,60
denali borough,2,68
dillingham census area,2,70
fairbanks north star borough,2,90
haines borough,2,100
hoonah-angoon census area,2,105
juneau borough/city,2,110
kenai peninsula borough,2,122
ketchikan gateway borough,2,130
kodiak island borough,2,150
kusilvak census area,2,158
lake and peninsula borough,2,164
matanuska-susitna borough,2,170
nome census area,2,180
north slope borough,2,185
northwest arctic borough,2,188
petersburg borough,2,195
prince of wales-hyder census area,2,198
sitka borough/city,2,220
skagway municipality,2,230
southeast fairbanks census area,2,240
valdez-cordova census area,2,261
wrangell borough/city,2,275
yakutat borough/city,2,282
yukon-koyukuk census area,2,290
apache county,4,1
cochise county,4,3
coconino county,4,5
gila county,4,7
graham county,4,9
greenlee county,4,11
la paz county,4,12
maricopa county,4,13
mohave county,4,15
navajo county,4,17
pima county,4,19
pinal county,4,21
santa cruz county,4,23
yavapai county,4,25
yuma county,4,27
arkansas county,5,1
ashley county,5,3
baxter county,5,5
benton county,5,7
boone county,5,9
bradley county,5,11
calhoun county,5,13
carroll county,5,15
chicot county,5,17
clark county,5,19
clay county,5,21
cleburne county,5,23
cleveland county,5,25
columbia county,5,27
conway county,5,29
craighead county,5,31
crawford county,5,33
crittenden county,5,35
cross county,5,37
dallas county,5,39
desha county,5,41
drew county,5,43
faulkner county,5,45
franklin county,5,47
fulton county,5,49
garland county,5,51
grant county,5,53
greene county,5,55
hempstead county,5,57
hot spring county,5,59
howard county,5,61
independence county,5,63
izard county,5,65
jackson county,5,67
jefferson county,5,69
johnson county,5,71
lafayette county,5,73
lawrence county,5,75
lee county,5,77
lincoln county,5,79
little river county,5,81
logan county,5,83
lonoke county,5,85
madison county,5,87
marion county,5,89
miller county,5,91
mississippi county,5,93
monroe county,5,95
montgomery county,5,97
nevada county,5,99
newton county,5,101
ouachita county,5,103
perry county,5,105
phillips county,5,107
pike county,5,109
poinsett county,5,111
polk county,5,113
pope county,5,115
prairie county,5,117
pulaski county,5,119
randolph county,5,121
st. francis county,5,123
saline county,5,125
scott county,5,127
searcy county,5,129
sebastian county,5,131
sevier county,5,133
sharp county,5,135
stone county,5,137
union county,5,139
van buren county,5,141
washington county,5,143
white county,5,145
woodruff county,5,147
yell county,5,149
alameda county,6,1
alpine county,6,3
amador county,6,5
butte county,6,7
calaveras county,6,9
colusa county,6,11
contra costa county,6,13
del norte county,6,15
el dorado county,6,17
fresno county,6,19
glenn county,6,21
humboldt county,6,23
imperial county,6,25
inyo county,6,27
kern county,6,29
kings county,6,31
lake county,6,33
lassen county,6,35
los angeles county,6,37
madera county,6,39
marin county,6,41
mariposa county,6,43
mendocino county,6,45
merced county,6,47
modoc county,6,49
mono county,6,51
monterey county,6,53
napa county,6,55
nevada county,6,57
orange county,6,59
placer county,6,61
plumas county,6,63
riverside county,6,65
sacramento county,6,67
san benito county,6,69
san bernardino county,6,71
san diego county,6,73
san francisco county/city,6,75
san joaquin county,6,77
san luis obispo county,6,79
san mateo county,6,81
santa barbara county,6,83
santa clara county,6,85
santa cruz county,6,87
shasta county,6,89
sierra county,6,91
siskiyou county,6,93
solano county,6,95
sonoma county,6,97
stanislaus county,6,99
sutter county,6,101
tehama county,6,103
trinity county,6,105
tulare county,6,107
tuolumne county,6,109
ventura county,6,111
yolo county,6,113
yuba county,6,115
adams county,8,1
alamosa county,8,3
arapahoe county,8,5
archuleta county,8,7
baca county,8,9
bent county,8,11
boulder county,8,13
broomfield county/city,8,14
chaffee county,8,15
cheyenne county,8,17
clear creek county,8,19
conejos county,8,21
costilla county,8,23
crowley county,8,25
custer county,8,27
delta county,8,29
denver county/city,8,31
dolores county,8,33
douglas county,8,35
eagle county,8,37
elbert county,8,39
el paso county,8,41
fremont county,8,43
garfield county,8,45
gilpin county,8,47
grand county,8,49
gunnison county,8,51
hinsdale county,8,53
huerfano county,8,55
jackson county,8,57
jefferson county,8,59
kiowa county,8,61
kit carson county,8,63
lake county,8,65
la plata county,8,67
larimer county,8,69
las animas county,8,71
lincoln county,8,73
logan county,8,75
mesa county,8,77
mineral county,8,79
moffat county,8,81
montezuma county,8,83
montrose county,8,85
morgan county,8,87
otero county,8,89
ouray county,8,91
park county,8,93
phillips county,8,95
pitkin county,8,97
prowers county,8,99
pueblo county,8,101
rio blanco county,8,103
rio grande county,8,105
routt county,8,107
saguache county,8,109
san juan county,8,111
san miguel county,8,113
sedgwick county,8,115
summit county,8,117
teller county,8,119
washington county,8,121
weld county,8,123
yuma county,8,125
fairfield county,9,1
hartford county,9,3
litchfield county,9,5
middlesex county,9,7
new haven county,9,9
new london county,9,11
tolland county,9,13
windham county,9,15
kent county,10,1
new castle county,10,3
sussex county,10,5
dc,11,1
alachua county,12,1
baker county,12,3
bay county,12,5
bradford county,12,7
brevard county,12,9
broward county,12,11
calhoun county,12,13
charlotte county,12,15
citrus county,12,17
clay county,12,19
collier county,12,21
columbia county,12,23
desoto county,12,27
dixie county,12,29
duval county,12,31
escambia county,12,33
flagler county,12,35
franklin county,12,37
gadsden county,12,39
gilchrist county,12,41
glades county,12,43
gulf county,12,45
hamilton county,12,47
hardee county,12,49
hendry county,12,51
hernando county,12,53
highlands county,12,55
hillsborough county,12,57
holmes county,12,59
indian river county,12,61
jackson county,12,63
jefferson county,12,65
lafayette county,12,67
lake county,12,69
lee county,12,71
leon county,12,73
levy county,12,75
liberty county,12,77
madison county,12,79
manatee county,12,81
marion county,12,83
martin county,12,85
miami-dade county,12,86
monroe county,12,87
nassau county,12,89
okaloosa county,12,91
okeechobee county,12,93
orange county,12,95
osceola county,12,97
palm beach county,12,99
pasco county,12,101
pinellas county,12,103
polk county,12,105
putnam county,12,107
st. johns county,12,109
st. lucie county,12,111
santa rosa county,12,113
sarasota county,12,115
seminole county,12,117
sumter county,12,119
suwannee county,12,121
taylor county,12,123
union county,12,125
volusia county,12,127
wakulla county,12,129
walton county,12,131
washington county,12,133
appling county,13,1
atkinson county,13,3
bacon county,13,5
baker county,13,7
baldwin county,13,9
banks county,13,11
barrow county,13,13
bartow county,13,15
ben hill county,13,17
berrien county,13,19
bibb county,13,21
bleckley county,13,23
brantley county,13,25
brooks county,13,27
bryan county,13,29
bulloch county,13,31
burke county,13,33
butts county,13,35
calhoun county,13,37
camden county,13,39
candler county,13,43
carroll county,13,45
catoosa county,13,47
charlton county,13,49
chatham county,13,51
chattahoochee county,13,53
chattooga county,13,55
cherokee county,13,57
clarke county,13,59
clay county,13,61
clayton county,13,63
clinch county,13,65
cobb county,13,67
coffee county,13,69
colquitt county,13,71
columbia county,13,73
cook county,13,75
coweta county,13,77
crawford county,13,79
crisp county,13,81
dade county,13,83
dawson county,13,85
decatur county,13,87
dekalb county,13,89
dodge county,13,91
dooly county,13,93
dougherty county,13,95
douglas county,13,97
early county,13,99
echols county,13,101
effingham county,13,103
elbert county,13,105
emanuel county,13,107
evans county,13,109
fannin county,13,111
fayette county,13,113
floyd county,13,115
forsyth county,13,117
franklin county,13,119
fulton county,13,121
gilmer county,13,123
glascock county,13,125
glynn county,13,127
gordon county,13,129
grady county,13,131
greene county,13,133
gwinnett county,13,135
habersham county,13,137
hall county,13,139
hancock county,13,141
haralson county,13,143
harris county,13,145
hart county,13,147
heard county,13,149
henry county,13,151
houston county,13,153
irwin county,13,155
jackson county,13,157
jasper county,13,159
jeff davis county,13,161
jefferson county,13,163
jenkins county,13,165
johnson county,13,167
jones county,13,169
lamar county,13,171
lanier county,13,173
laurens county,13,175
lee county,13,177
liberty county,13,179
lincoln county,13,181
long county,13,183
lowndes county,13,185
lumpkin county,13,187
mcduffie county,13,189
mcintosh county,13,191
macon county,13,193
madison county,13,195
marion county,13,197
meriwether county,13,199
miller county,13,201
mitchell county,13,205
monroe county,13,207
montgomery county,13,209
morgan county,13,211
murray county,13,213
muscogee county,13,215
newton county,13,217
oconee county,13,219
oglethorpe county,13,221
paulding county,13,223
peach county,13,225
pickens county,13,227
pierce county,13,229
pike county,13,231
polk county,13,233
pulaski county,13,235
putnam county,13,237
quitman county,13,239
rabun county,13,241
randolph county,13,243
richmond county,13,245
rockdale county,13,247
schley county,13,249
screven county,13,251
seminole county,13,253
spalding county,13,255
stephens county,13,257
stewart county,13,259
sumter county,13,261
talbot county,13,263
taliaferro county,13,265
tattnall county,13,267
taylor county,13,269
telfair county,13,271
terrell county,13,273
thomas county,13,275
tift county,13,277
toombs county,13,279
towns county,13,281
treutlen county,13,283
troup county,13,285
turner county,13,287
twiggs county,13,289
union county,13,291
upson county,13,293
walker county,13,295
walton county,13,297
ware county,13,299
warren county,13,301
washington county,13,303
wayne county,13,305
webster county,13,307
wheeler county,13,309
white county,13,311
whitfield county,13,313
wilcox county,13,315
wilkes county,13,317
wilkinson county,13,319
worth county,13,321
hawaii county,15,1
honolulu county/city,15,3
kauai county,15,7
maui county,15,9
ada county,16,1
adams county,16,3
bannock county,16,5
bear lake county,16,7
benewah county,16,9
bingham county,16,11
blaine county,16,13
boise county,16,15
bonner county,16,17
bonneville county,16,19
boundary county,16,21
butte county,16,23
camas county,16,25
canyon county,16,27
caribou county,16,29
cassia county,16,31
clark county,16,33
clearwater county,16,35
custer county,16,37
elmore county,16,39
franklin county,16,41
fremont county,16,43
gem county,16,45
gooding county,16,47
idaho county,16,49
jefferson county,16,51
jerome county,16,53
kootenai county,16,55
latah county,16,57
lemhi county,16,59
lewis county,16,61
lincoln county,16,63
madison county,16,65
minidoka county,16,67
nez perce county,16,69
oneida county,16,71
owyhee county,16,73
payette county,16,75
power county,16,77
shoshone county,16,79
teton county,16,81
twin falls county,16,83
valley county,16,85
washington county,16,87
adams county,17,1
alexander county,17,3
bond county,17,5
boone county,17,7
brown county,17,9
bureau county,17,11
calhoun county,17,13
carroll county,17,15
cass county,17,17
champaign county,17,19
christian county,17,21
clark county,17,23
clay county,17,25
clinton county,17,27
coles county,17,29
cook county,17,31
crawford county,17,33
cumberland county,17,35
dekalb county,17,37
de witt county,17,39
douglas county,17,41
dupage county,17,43
edgar county,17,45
edwards county,17,47
effingham county,17,49
fayette county,17,51
ford county,17,53
franklin county,17,55
fulton county,17,57
gallatin county,17,59
greene county,17,61
grundy county,17,63
hamilton county,17,65
hancock county,17,67
hardin county,17,69
henderson county,17,71
henry county,17,73
iroquois county,17,75
jackson county,17,77
jasper county,17,79
jefferson county,17,81
jersey county,17,83
jo daviess county,17,85
johnson county,17,87
kane county,17,89
kankakee county,17,91
kendall county,17,93
knox county,17,95
lake county,17,97
lasalle county,17,99
lawrence county,17,101
lee county,17,103
livingston county,17,105
logan county,17,107
mcdonough county,17,109
mchenry county,17,111
mclean county,17,113
macon county,17,115
macoupin county,17,117
madison county,17,119
marion county,17,121
marshall county,17,123
mason county,17,125
massac county,17,127
menard county,17,129
mercer county,17,131
monroe county,17,133
montgomery county,17,135
morgan county,17,137
moultrie county,17,139
ogle county,17,141
peoria county,17,143
perry county,17,145
piatt county,17,147
pike county,17,149
pope county,17,151
pulaski county,17,153
putnam county,17,155
randolph county,17,157
richland county,17,159
rock island county,17,161
st. clair county,17,163
saline county,17,165
sangamon county,17,167
schuyler county,17,169
scott county,17,171
shelby county,17,173
stark county,17,175
stephenson county,17,177
tazewell county,17,179
union county,17,181
vermilion county,17,183
wabash county,17,185
warren county,17,187
washington county,17,189
wayne county,17,191
white county,17,193
whiteside county,17,195
will county,17,197
williamson county,17,199
winnebago county,17,201
woodford county,17,203
adams county,18,1
allen county,18,3
bartholomew county,18,5
benton county,18,7
blackford county,18,9
boone county,18,11
brown county,18,13
carroll county,18,15
cass county,18,17
clark county,18,19
clay county,18,21
clinton county,18,23
crawford county,18,25
daviess county,18,27
dearborn county,18,29
decatur county,18,31
dekalb county,18,33
delaware county,18,35
dubois county,18,37
elkhart county,18,39
fayette county,18,41
floyd county,18,43
fountain county,18,45
franklin county,18,47
fulton county,18,49
gibson county,18,51
grant county,18,53
greene county,18,55
hamilton county,18,57
hancock county,18,59
harrison county,18,61
hendricks county,18,63
henry county,18,65
howard county,18,67
huntington county,18,69
jackson county,18,71
jasper county,18,73
jay county,18,75
jefferson county,18,77
jennings county,18,79
johnson county,18,81
knox county,18,83
kosciusko county,18,85
lagrange county,18,87
lake county,18,89
laporte county,18,91
lawrence county,18,93
madison county,18,95
marion county,18,97
marshall county,18,99
martin county,18,101
miami county,18,103
monroe county,18,105
montgomery county,18,107
morgan county,18,109
newton county,18,111
noble county,18,113
ohio county,18,115
orange county,18,117
owen county,18,119
parke county,18,121
perry county,18,123
pike county,18,125
porter county,18,127
posey county,18,129
pulaski county,18,131
putnam county,18,133
randolph county,18,135
ripley county,18,137
rush county,18,139
st. joseph county,18,141
scott county,18,143
shelby county,18,145
spencer county,18,147
starke county,18,149
steuben county,18,151
sullivan county,18,153
switzerland county,18,155
tippecanoe county,18,157
tipton county,18,159
union county,18,161
vanderburgh county,18,163
vermillion county,18,165
vigo county,18,167
wabash county,18,169
warren county,18,171
warrick county,18,173
washington county,18,175
wayne county,18,177
wells county,18,179
white county,18,181
whitley county,18,183
adair county,19,1
adams county,19,3
allamakee county,19,5
appanoose county,19,7
audubon county,19,9
benton county,19,11
black hawk county,19,13
boone county,19,15
bremer county,19,17
buchanan county,19,19
buena vista county,19,21
butler county,19,23
calhoun county,19,25
carroll county,19,27
cass county,19,29
cedar county,19,31
cerro gordo county,19,33
cherokee county,19,35
chickasaw county,19,37
clarke county,19,39
clay county,19,41
clayton county,19,43
clinton county,19,45
crawford county,19,47
dallas county,19,49
davis county,19,51
decatur county,19,53
delaware county,19,55
des moines county,19,57
dickinson county,19,59
dubuque county,19,61
emmet county,19,63
fayette county,19,65
floyd county,19,67
franklin county,19,69
fremont county,19,71
greene county,19,73
grundy county,19,75
guthrie county,19,77
hamilton county,19,79
hancock county,19,81
hardin county,19,83
harrison county,19,85
henry county,19,87
howard county,19,89
humboldt county,19,91
ida county,19,93
iowa county,19,95
jackson county,19,97
jasper county,19,99
jefferson county,19,101
johnson county,19,103
jones county,19,105
keokuk county,19,107
kossuth county,19,109
lee county,19,111
linn county,19,113
louisa county,19,115
lucas county,19,117
lyon county,19,119
madison county,19,121
mahaska county,19,123
marion county,19,125
marshall county,19,127
mills county,19,129
mitchell county,19,131
monona county,19,133
monroe county,19,135
montgomery county,19,137
muscatine county,19,139
o'brien county,19,141
osceola county,19,143
page county,19,145
palo alto county,19,147
plymouth county,19,149
pocahontas county,19,151
polk county,19,153
pottawattamie county,19,155
poweshiek county,19,157
ringgold county,19,159
sac county,19,161
scott county,19,163
shelby county,19,165
sioux county,19,167
story county,19,169
tama county,19,171
taylor county,19,173
union county,19,175
van buren county,19,177
wapello county,19,179
warren county,19,181
washington county,19,183
wayne county,19,185
webster county,19,187
winnebago county,19,189
winneshiek county,19,191
woodbury county,19,193
worth county,19,195
wright county,19,197
allen county,20,1
anderson county,20,3
atchison county,20,5
barber county,20,7
barton county,20,9
bourbon county,20,11
brown county,20,13
butler county,20,15
chase county,20,17
chautauqua county,20,19
cherokee county,20,21
cheyenne county,20,23
clark county,20,25
clay county,20,27
cloud county,20,29
coffey county,20,31
comanche county,20,33
cowley county,20,35
crawford county,20,37
decatur county,20,39
dickinson county,20,41
doniphan county,20,43
douglas county,20,45
edwards county,20,47
elk county,20,49
ellis county,20,51
ellsworth county,20,53
finney county,20,55
ford county,20,57
franklin county,20,59
geary county,20,61
gove county,20,63
graham county,20,65
grant county,20,67
gray county,20,69
greeley county,20,71
greenwood county,20,73
hamilton county,20,75
harper county,20,77
harvey county,20,79
haskell county,20,81
hodgeman county,20,83
jackson county,20,85
jefferson county,20,87
jewell county,20,89
johnson county,20,91
kearny county,20,93
kingman county,20,95
kiowa county,20,97
labette county,20,99
lane county,20,101
leavenworth county,20,103
lincoln county,20,105
linn county,20,107
logan county,20,109
lyon county,20,111
mcpherson county,20,113
marion county,20,115
marshall county,20,117
meade county,20,119
miami county,20,121
mitchell county,20,123
montgomery county,20,125
morris county,20,127
morton county,20,129
nemaha county,20,131
neosho county,20,133
ness county,20,135
norton county,20,137
osage county,20,139
osborne county,20,141
ottawa county,20,143
pawnee county,20,145
phillips county,20,147
pottawatomie county,20,149
pratt county,20,151
rawlins county,20,153
reno county,20,155
republic county,20,157
rice county,20,159
riley county,20,161
rooks county,20,163
rush county,20,165
russell county,20,167
saline county,20,169
scott county,20,171
sedgwick county,20,173
seward county,20,175
shawnee county,20,177
sheridan county,20,179
sherman county,20,181
smith county,20,183
stafford county,20,185
stanton county,20,187
stevens county,20,189
sumner county,20,191
thomas county,20,193
trego county,20,195
wabaunsee county,20,197
wallace county,20,199
washington county,20,201
wichita county,20,203
wilson county,20,205
woodson county,20,207
wyandotte county,20,209
adair county,21,1
allen county,21,3
anderson county,21,5
ballard county,21,7
barren county,21,9
bath county,21,11
bell county,21,13
boone county,21,15
bourbon county,21,17
boyd county,21,19
boyle county,21,21
bracken county,21,23
breathitt county,21,25
breckinridge county,21,27
bullitt county,21,29
butler county,21,31
caldwell county,21,33
calloway county,21,35
campbell county,21,37
carlisle county,21,39
carroll county,21,41
carter county,21,43
casey county,21,45
christian county,21,47
clark county,21,49
clay county,21,51
clinton county,21,53
crittenden county,21,55
cumberland county,21,57
daviess county,21,59
edmonson county,21,61
elliott county,21,63
estill county,21,65
fayette county,21,67
fleming county,21,69
floyd county,21,71
franklin county,21,73
fulton county,21,75
gallatin county,21,77
garrard county,21,79
grant county,21,81
graves county,21,83
grayson county,21,85
green county,21,87
greenup county,21,89
hancock county,21,91
hardin county,21,93
harlan county,21,95
harrison county,21,97
hart county,21,99
henderson county,21,101
henry county,21,103
hickman county,21,105
hopkins county,21,107
jackson county,21,109
jefferson county,21,111
jessamine county,21,113
johnson county,21,115
kenton county,21,117
knott county,21,119
knox county,21,121
larue county,21,123
laurel county,21,125
lawrence county,21,127
lee county,21,129
leslie county,21,131
letcher county,21,133
lewis county,21,135
lincoln county,21,137
livingston county,21,139
logan county,21,141
lyon county,21,143
mccracken county,21,145
mccreary county,21,147
mclean county,21,149
madison county,21,151
magoffin county,21,153
marion county,21,155
marshall county,21,157
martin county,21,159
mason county,21,161
meade county,21,163
menifee county,21,165
mercer county,21,167
metcalfe county,21,169
monroe county,21,171
montgomery county,21,173
morgan county,21,175
muhlenberg county,21,177
nelson county,21,179
nicholas county,21,181
ohio county,21,183
oldham county,21,185
owen county,21,187
owsley county,21,189
pendleton county,21,191
perry county,21,193
pike county,21,195
powell county,21,197
pulaski county,21,199
robertson county,21,201
rockcastle county,21,203
rowan county,21,205
russell county,21,207
scott county,21,209
shelby county,21,211
simpson county,21,213
spencer county,21,215
taylor county,21,217
todd county,21,219
trigg county,21,221
trimble county,21,223
union county,21,225
warren county,21,227
washington county,21,229
wayne county,21,231
webster county,21,233
whitley county,21,235
wolfe county,21,237
woodford county,21,239
acadia parish,22,1
allen parish,22,3
ascension parish,22,5
assumption parish,22,7
avoyelles parish,22,9
beauregard parish,22,11
bienville parish,22,13
bossier parish,22,15
caddo parish,22,17
calcasieu parish,22,19
caldwell parish,22,21
cameron parish,22,23
catahoula parish,22,25
claiborne parish,22,27
concordia parish,22,29
de soto parish,22,31
east baton rouge parish,22,33
east carroll parish,22,35
east feliciana parish,22,37
evangeline parish,22,39
franklin parish,22,41
grant parish,22,43
iberia parish,22,45
iberville parish,22,47
jackson parish,22,49
jefferson parish,22,51
jefferson davis parish,22,53
lafayette parish,22,55
lafourche parish,22,57
lasalle parish,22,59
lincoln parish,22,61
livingston parish,22,63
madison parish,22,65
morehouse parish,22,67
natchitoches parish,22,69
orleans parish,22,71
ouachita parish,22,73
plaquemines parish,22,75
pointe coupee parish,22,77
rapides parish,22,79
red river parish,22,81
richland parish,22,83
sabine parish,22,85
st. bernard parish,22,87
st. charles parish,22,89
st. helena parish,22,91
st. james parish,22,93
st. john the baptist parish,22,95
st. landry parish,22,97
st. martin parish,22,99
st. mary parish,22,101
st. tammany parish,22,103
tangipahoa parish,22,105
tensas parish,22,107
terrebonne parish,22,109
union parish,22,111
vermilion parish,22,113
vernon parish,22,115
washington parish,22,117
webster parish,22,119
west baton rouge parish,22,121
west carroll parish,22,123
west feliciana parish,22,125
winn parish,22,127
androscoggin county,23,1
aroostook county,23,3
cumberland county,23,5
franklin county,23,7
hancock county,23,9
kennebec county,23,11
knox county,23,13
lincoln county,23,15
oxford county,23,17
penobscot county,23,19
piscataquis county,23,21
sagadahoc county,23,23
somerset county,23,25
waldo county,23,27
washington county,23,29
york county,23,31
allegany county,24,1
anne arundel county,24,3
baltimore county,24,5
calvert county,24,9
caroline county,24,11
carroll county,24,13
cecil county,24,15
charles county,24,17
dorchester county,24,19
frederick county,24,21
garrett county,24,23
harford county,24,25
howard county,24,27
kent county,24,29
montgomery county,24,31
prince george's county,24,33
queen anne's county,24,35
st. mary's county,24,37
somerset county,24,39
talbot county,24,41
washington county,24,43
wicomico county,24,45
worcester county,24,47
baltimore city,24,510
barnstable county,25,1
berkshire county,25,3
bristol county,25,5
dukes county,25,7
essex county,25,9
franklin county,25,11
hampden county,25,13
hampshire county,25,15
middlesex county,25,17
nantucket county/town,25,19
norfolk county,25,21
plymouth county,25,23
suffolk county,25,25
worcester county,25,27
alcona county,26,1
alger county,26,3
allegan county,26,5
alpena county,26,7
antrim county,26,9
arenac county,26,11
baraga county,26,13
barry county,26,15
bay county,26,17
benzie county,26,19
berrien county,26,21
branch county,26,23
calhoun county,26,25
cass county,26,27
charlevoix county,26,29
cheboygan county,26,31
chippewa county,26,33
clare county,26,35
clinton county,26,37
crawford county,26,39
delta county,26,41
dickinson county,26,43
eaton county,26,45
emmet county,26,47
genesee county,26,49
gladwin county,26,51
gogebic county,26,53
grand traverse county,26,55
gratiot county,26,57
hillsdale county,26,59
houghton county,26,61
huron county,26,63
ingham county,26,65
ionia county,26,67
iosco county,26,69
iron county,26,71
isabella county,26,73
jackson county,26,75
kalamazoo county,26,77
kalkaska county,26,79
kent county,26,81
keweenaw county,26,83
lake county,26,85
lapeer county,26,87
leelanau county,26,89
lenawee county,26,91
livingston county,26,93
luce county,26,95
mackinac county,26,97
macomb county,26,99
manistee county,26,101
marquette county,26,103
mason county,26,105
mecosta county,26,107
menominee county,26,109
midland county,26,111
missaukee county,26,113
monroe county,26,115
montcalm county,26,117
montmorency county,26,119
muskegon county,26,121
newaygo county,26,123
oakland county,26,125
oceana county,26,127
ogemaw county,26,129
ontonagon county,26,131
osceola county,26,133
oscoda county,26,135
otsego county,26,137
ottawa county,26,139
presque isle county,26,141
roscommon county,26,143
saginaw county,26,145
st. clair county,26,147
st. joseph county,26,149
sanilac county,26,151
schoolcraft county,26,153
shiawassee county,26,155
tuscola county,26,157
van buren county,26,159
washtenaw county,26,161
wayne county,26,163
wexford county,26,165
aitkin county,27,1
anoka county,27,3
becker county,27,5
beltrami county,27,7
benton county,27,9
big stone county,27,11
blue earth county,27,13
brown county,27,15
carlton county,27,17
carver county,27,19
cass county,27,21
chippewa county,27,23
chisago county,27,25
clay county,27,27
clearwater county,27,29
cook county,27,31
cottonwood county,27,33
crow wing county,27,35
dakota county,27,37
dodge county,27,39
douglas county,27,41
faribault county,27,43
fillmore county,27,45
freeborn county,27,47
goodhue county,27,49
grant county,27,51
hennepin county,27,53
houston county,27,55
hubbard county,27,57
isanti county,27,59
itasca county,27,61
jackson county,27,63
kanabec county,27,65
kandiyohi county,27,67
kittson county,27,69
koochiching county,27,71
lac qui parle county,27,73
lake county,27,75
lake of the woods county,27,77
le sueur county,27,79
lincoln county,27,81
lyon county,27,83
mcleod county,27,85
mahnomen county,27,87
marshall county,27,89
martin county,27,91
meeker county,27,93
mille lacs county,27,95
morrison county,27,97
mower county,27,99
murray county,27,101
nicollet county,27,103
nobles county,27,105
norman county,27,107
olmsted county,27,109
otter tail county,27,111
pennington county,27,113
pine county,27,115
pipestone county,27,117
polk county,27,119
pope county,27,121
ramsey county,27,123
red lake county,27,125
redwood county,27,127
renville county,27,129
rice county,27,131
rock county,27,133
roseau county,27,135
st. louis county,27,137
scott county,27,139
sherburne county,27,141
sibley county,27,143
stearns county,27,145
steele county,27,147
stevens county,27,149
swift county,27,151
todd county,27,153
traverse county,27,155
wabasha county,27,157
wadena county,27,159
waseca county,27,161
washington county,27,163
watonwan county,27,165
wilkin county,27,167
winona county,27,169
wright county,27,171
yellow medicine county,27,173
adams county,28,1
alcorn county,28,3
amite county,28,5
attala county,28,7
benton county,28,9
bolivar county,28,11
calhoun county,28,13
carroll county,28,15
chickasaw county,28,17
choctaw county,28,19
claiborne county,28,21
clarke county,28,23
clay county,28,25
coahoma county,28,27
copiah county,28,29
covington county,28,31
desoto county,28,33
forrest county,28,35
franklin county,28,37
george county,28,39
greene county,28,41
grenada county,28,43
hancock county,28,45
harrison county,28,47
hinds county,28,49
holmes county,28,51
humphreys county,28,53
issaquena county,28,55
itawamba county,28,57
jackson county,28,59
jasper county,28,61
jefferson county,28,63
jefferson davis county,28,65
jones county,28,67
kemper county,28,69
lafayette county,28,71
lamar county,28,73
lauderdale county,28,75
lawrence county,28,77
leake county,28,79
lee county,28,81
leflore county,28,83
lincoln county,28,85
lowndes county,28,87
madison county,28,89
marion county,28,91
marshall county,28,93
monroe county,28,95
montgomery county,28,97
neshoba county,28,99
newton county,28,101
noxubee county,28,103
oktibbeha county,28,105
panola county,28,107
pearl river county,28,109
perry county,28,111
pike county,28,113
pontotoc county,28,115
prentiss county,28,117
quitman county,28,119
rankin county,28,121
scott county,28,123
sharkey county,28,125
simpson county,28,127
smith county,28,129
stone county,28,131
sunflower county,28,133
tallahatchie county,28,135
tate county,28,137
tippah county,28,139
tishomingo county,28,141
tunica county,28,143
union county,28,145
walthall county,28,147
warren county,28,149
washington county,28,151
wayne county,28,153
webster county,28,155
wilkinson county,28,157
winston county,28,159
yalobusha county,28,161
yazoo county,28,163
adair county,29,1
andrew county,29,3
atchison county,29,5
audrain county,29,7
barry county,29,9
barton county,29,11
bates county,29,13
benton county,29,15
bollinger county,29,17
boone county,29,19
buchanan county,29,21
butler county,29,23
caldwell county,29,25
callaway county,29,27
camden county,29,29
cape girardeau county,29,31
carroll county,29,33
carter county,29,35
cass county,29,37
cedar county,29,39
chariton county,29,41
christian county,29,43
clark county,29,45
clay county,29,47
clinton county,29,49
cole county,29,51
cooper county,29,53
crawford county,29,55
dade county,29,57
dallas county,29,59
daviess county,29,61
dekalb county,29,63
dent county,29,65
douglas county,29,67
dunklin county,29,69
franklin county,29,71
gasconade county,29,73
gentry county,29,75
greene county,29,77
grundy county,29,79
harrison county,29,81
henry county,29,83
hickory county,29,85
holt county,29,87
howard county,29,89
howell county,29,91
iron county,29,93
jackson county,29,95
jasper county,29,97
jefferson county,29,99
johnson county,29,101
knox county,29,103
laclede county,29,105
lafayette county,29,107
lawrence county,29,109
lewis county,29,111
lincoln county,29,113
linn county,29,115
livingston county,29,117
mcdonald county,29,119
macon county,29,121
madison county,29,123
maries county,29,125
marion county,29,127
mercer county,29,129
miller county,29,131
mississippi county,29,133
moniteau county,29,135
monroe county,29,137
montgomery county,29,139
morgan county,29,141
new madrid county,29,143
newton county,29,145
nodaway county,29,147
oregon county,29,149
osage county,29,151
ozark county,29,153
pemiscot county,29,155
perry county,29,157
pettis county,29,159
phelps county,29,161
pike county,29,163
platte county,29,165
polk county,29,167
pulaski county,29,169
putnam county,29,171
ralls county,29,173
randolph county,29,175
ray county,29,177
reynolds county,29,179
ripley county,29,181
st. charles county,29,183
st. clair county,29,185
ste. genevieve county,29,186
st. francois county,29,187
st. louis county,29,189
saline county,29,195
schuyler county,29,197
scotland county,29,199
scott county,29,201
shannon county,29,203
shelby county,29,205
stoddard county,29,207
stone county,29,209
sullivan county,29,211
taney county,29,213
texas county,29,215
vernon county,29,217
warren county,29,219
washington county,29,221
wayne county,29,223
webster county,29,225
worth county,29,227
wright county,29,229
st. louis city,29,510
beaverhead county,30,1
big horn county,30,3
blaine county,30,5
broadwater county,30,7
carbon county,30,9
carter county,30,11
cascade county,30,13
chouteau county,30,15
custer county,30,17
daniels county,30,19
dawson county,30,21
deer lodge county,30,23
fallon county,30,25
fergus county,30,27
flathead county,30,29
gallatin county,30,31
garfield county,30,33
glacier county,30,35
golden valley county,30,37
granite county,30,39
hill county,30,41
jefferson county,30,43
judith basin county,30,45
lake county,30,47
lewis and clark county,30,49
liberty county,30,51
lincoln county,30,53
mccone county,30,55
madison county,30,57
meagher county,30,59
mineral county,30,61
missoula county,30,63
musselshell county,30,65
park county,30,67
petroleum county,30,69
phillips county,30,71
pondera county,30,73
powder river county,30,75
powell county,30,77
prairie county,30,79
ravalli county,30,81
richland county,30,83
roosevelt county,30,85
rosebud county,30,87
sanders county,30,89
sheridan county,30,91
silver bow county,30,93
stillwater county,30,95
sweet grass county,30,97
teton county,30,99
toole county,30,101
treasure county,30,103
valley county,30,105
wheatland county,30,107
wibaux county,30,109
yellowstone county,30,111
adams county,31,1
antelope county,31,3
arthur county,31,5
banner county,31,7
blaine county,31,9
boone county,31,11
box butte county,31,13
boyd county,31,15
brown county,31,17
buffalo county,31,19
burt county,31,21
butler county,31,23
cass county,31,25
cedar county,31,27
chase county,31,29
cherry county,31,31
cheyenne county,31,33
clay county,31,35
colfax county,31,37
cuming county,31,39
custer county,31,41
dakota county,31,43
dawes county,31,45
dawson county,31,47
deuel county,31,49
dixon county,31,51
dodge county,31,53
douglas county,31,55
dundy county,31,57
fillmore county,31,59
franklin county,31,61
frontier county,31,63
furnas county,31,65
gage county,31,67
garden county,31,69
garfield county,31,71
gosper county,31,73
grant county,31,75
greeley county,31,77
hall county,31,79
hamilton county,31,81
harlan county,31,83
hayes county,31,85
hitchcock county,31,87
holt county,31,89
hooker county,31,91
howard county,31,93
jefferson county,31,95
johnson county,31,97
kearney county,31,99
keith county,31,101
keya paha county,31,103
kimball county,31,105
knox county,31,107
lancaster county,31,109
lincoln county,31,111
logan county,31,113
loup county,31,115
mcpherson county,31,117
madison county,31,119
merrick county,31,121
morrill county,31,123
nance county,31,125
nemaha county,31,127
nuckolls county,31,129
otoe county,31,131
pawnee county,31,133
perkins county,31,135
phelps county,31,137
pierce county,31,139
platte county,31,141
polk county,31,143
red willow county,31,145
richardson county,31,147
rock county,31,149
saline county,31,151
sarpy county,31,153
saunders county,31,155
scotts bluff county,31,157
seward county,31,159
sheridan county,31,161
sherman county,31,163
sioux county,31,165
stanton county,31,167
thayer county,31,169
thomas county,31,171
thurston county,31,173
valley county,31,175
washington county,31,177
wayne county,31,179
webster county,31,181
wheeler county,31,183
york county,31,185
churchill county,32,1
clark county,32,3
douglas county,32,5
elko county,32,7
esmeralda county,32,9
eureka county,32,11
humboldt county,32,13
lander county,32,15
lincoln county,32,17
lyon county,32,19
mineral county,32,21
nye county,32,23
pershing county,32,27
storey county,32,29
washoe county,32,31
white pine county,32,33
carson city,32,510
belknap county,33,1
carroll county,33,3
cheshire county,33,5
coos county,33,7
grafton county,33,9
hillsborough county,33,11
merrimack county,33,13
rockingham county,33,15
strafford county,33,17
sullivan county,33,19
atlantic county,34,1
bergen county,34,3
burlington county,34,5
camden county,34,7
cape may county,34,9
cumberland county,34,11
essex county,34,13
gloucester county,34,15
hudson county,34,17
hunterdon county,34,19
mercer county,34,21
middlesex county,34,23
monmouth county,34,25
morris county,34,27
ocean county,34,29
passaic county,34,31
salem county,34,33
somerset county,34,35
sussex county,34,37
union county,34,39
warren county,34,41
bernalillo county,35,1
catron county,35,3
chaves county,35,5
cibola county,35,6
colfax county,35,7
curry county,35,9
de baca county,35,11
dona ana county,35,13
eddy county,35,15
grant county,35,17
guadalupe county,35,19
harding county,35,21
hidalgo county,35,23
lea county,35,25
lincoln county,35,27
los alamos county,35,28
luna county,35,29
mckinley county,35,31
mora county,35,33
otero county,35,35
quay county,35,37
rio arriba county,35,39
roosevelt county,35,41
sandoval county,35,43
san juan county,35,45
san miguel county,35,47
santa fe county,35,49
sierra county,35,51
socorro county,35,53
taos county,35,55
torrance county,35,57
union county,35,59
valencia county,35,61
albany county,36,1
allegany county,36,3
bronx county,36,5
broome county,36,7
cattaraugus county,36,9
cayuga county,36,11
chautauqua county,36,13
chemung county,36,15
chenango county,36,17
clinton county,36,19
columbia county,36,21
cortland county,36,23
delaware county,36,25
dutchess county,36,27
erie county,36,29
essex county,36,31
franklin county,36,33
fulton county,36,35
genesee county,36,37
greene county,36,39
hamilton county,36,41
herkimer county,36,43
jefferson county,36,45
kings county,36,47
lewis county,36,49
livingston county,36,51
madison county,36,53
monroe county,36,55
montgomery county,36,57
nassau county,36,59
new york county,36,61
niagara county,36,63
oneida county,36,65
onondaga county,36,67
ontario county,36,69
orange county,36,71
orleans county,36,73
oswego county,36,75
otsego county,36,77
putnam county,36,79
queens county,36,81
rensselaer county,36,83
richmond county,36,85
rockland county,36,87
st. lawrence county,36,89
saratoga county,36,91
schenectady county,36,93
schoharie county,36,95
schuyler county,36,97
seneca county,36,99
steuben county,36,101
suffolk county,36,103
sullivan county,36,105
tioga county,36,107
tompkins county,36,109
ulster county,36,111
warren county,36,113
washington county,36,115
wayne county,36,117
westchester county,36,119
wyoming county,36,121
yates county,36,123
alamance county,37,1
alexander county,37,3
alleghany county,37,5
anson county,37,7
ashe county,37,9
avery county,37,11
beaufort county,37,13
bertie county,37,15
bladen county,37,17
brunswick county,37,19
buncombe county,37,21
burke county,37,23
cabarrus county,37,25
caldwell county,37,27
camden county,37,29
carteret county,37,31
caswell county,37,33
catawba county,37,35
chatham county,37,37
cherokee county,37,39
chowan county,37,41
clay county,37,43
cleveland county,37,45
columbus county,37,47
craven county,37,49
cumberland county,37,51
currituck county,37,53
dare county,37,55
davidson county,37,57
davie county,37,59
duplin county,37,61
durham county,37,63
edgecombe county,37,65
forsyth county,37,67
franklin county,37,69
gaston county,37,71
gates county,37,73
graham county,37,75
granville county,37,77
greene county,37,79
guilford county,37,81
halifax county,37,83
harnett county,37,85
haywood county,37,87
henderson county,37,89
hertford county,37,91
hoke county,37,93
hyde county,37,95
iredell county,37,97
jackson county,37,99
johnston county,37,101
jones county,37,103
lee county,37,105
lenoir county,37,107
lincoln county,37,109
mcdowell county,37,111
macon county,37,113
madison county,37,115
martin county,37,117
mecklenburg county,37,119
mitchell county,37,121
montgomery county,37,123
moore county,37,125
nash county,37,127
new hanover county,37,129
northampton county,37,131
onslow county,37,133
orange county,37,135
pamlico county,37,137
pasquotank county,37,139
pender county,37,141
perquimans county,37,143
person county,37,145
pitt county,37,147
polk county,37,149
randolph county,37,151
richmond county,37,153
robeson county,37,155
rockingham county,37,157
rowan county,37,159
rutherford county,37,161
sampson county,37,163
scotland county,37,165
stanly county,37,167
stokes county,37,169
surry county,37,171
swain county,37,173
transylvania county,37,175
tyrrell county,37,177
union county,37,179
vance county,37,181
wake county,37,183
warren county,37,185
washington county,37,187
watauga county,37,189
wayne county,37,191
wilkes county,37,193
wilson county,37,195
yadkin county,37,197
yancey county,37,199
adams county,38,1
barnes county,38,3
benson county,38,5
billings county,38,7
bottineau county,38,9
bowman county,38,11
burke county,38,13
burleigh county,38,15
cass county,38,17
cavalier county,38,19
dickey county,38,21
divide county,38,23
dunn county,38,25
eddy county,38,27
emmons county,38,29
foster county,38,31
golden valley county,38,33
grand forks county,38,35
grant county,38,37
griggs county,38,39
hettinger county,38,41
kidder county,38,43
lamoure county,38,45
logan county,38,47
mchenry county,38,49
mcintosh county,38,51
mckenzie county,38,53
mclean county,38,55
mercer county,38,57
morton county,38,59
mountrail county,38,61
nelson county,38,63
oliver county,38,65
pembina county,38,67
pierce county,38,69
ramsey county,38,71
ransom county,38,73
renville county,38,75
richland county,38,77
rolette county,38,79
sargent county,38,81
sheridan county,38,83
sioux county,38,85
slope county,38,87
stark county,38,89
steele county,38,91
stutsman county,38,93
towner county,38,95
traill county,38,97
walsh county,38,99
ward county,38,101
wells county,38,103
williams county,38,105
adams county,39,1
allen county,39,3
ashland county,39,5
ashtabula county,39,7
athens county,39,9
auglaize county,39,11
belmont county,39,13
brown county,39,15
butler county,39,17
carroll county,39,19
champaign county,39,21
clark county,39,23
clermont county,39,25
clinton county,39,27
columbiana county,39,29
coshocton county,39,31
crawford county,39,33
cuyahoga county,39,35
darke county,39,37
defiance county,39,39
delaware county,39,41
erie county,39,43
fairfield county,39,45
fayette county,39,47
franklin county,39,49
fulton county,39,51
gallia county,39,53
geauga county,39,55
greene county,39,57
guernsey county,39,59
hamilton county,39,61
hancock county,39,63
hardin county,39,65
harrison county,39,67
henry county,39,69
highland county,39,71
hocking county,39,73
holmes county,39,75
huron county,39,77
jackson county,39,79
jefferson county,39,81
knox county,39,83
lake county,39,85
lawrence county,39,87
licking county,39,89
logan county,39,91
lorain county,39,93
lucas county,39,95
madison county,39,97
mahoning county,39,99
marion county,39,101
medina county,39,103
meigs county,39,105
mercer county,39,107
miami county,39,109
monroe county,39,111
montgomery county,39,113
morgan county,39,115
morrow county,39,117
muskingum county,39,119
noble county,39,121
ottawa county,39,123
paulding county,39,125
perry county,39,127
pickaway county,39,129
pike county,39,131
portage county,39,133
preble county,39,135
putnam county,39,137
richland county,39,139
ross county,39,141
sandusky county,39,143
scioto county,39,145
seneca county,39,147
shelby county,39,149
stark county,39,151
summit county,39,153
trumbull county,39,155
tuscarawas county,39,157
union county,39,159
van wert county,39,161
vinton county,39,163
warren county,39,165
washington county,39,167
wayne county,39,169
williams county,39,171
wood county,39,173
wyandot county,39,175
adair county,40,1
alfalfa county,40,3
atoka county,40,5
beaver county,40,7
beckham county,40,9
blaine county,40,11
bryan county,40,13
caddo county,40,15
canadian county,40,17
carter county,40,19
cherokee county,40,21
choctaw county,40,23
cimarron county,40,25
cleveland county,40,27
coal county,40,29
comanche county,40,31
cotton county,40,33
craig county,40,35
creek county,40,37
custer county,40,39
delaware county,40,41
dewey county,40,43
ellis county,40,45
garfield county,40,47
garvin county,40,49
grady county,40,51
grant county,40,53
greer county,40,55
harmon county,40,57
harper county,40,59
haskell county,40,61
hughes county,40,63
jackson county,40,65
jefferson county,40,67
johnston county,40,69
kay county,40,71
kingfisher county,40,73
kiowa county,40,75
latimer county,40,77
le flore county,40,79
lincoln county,40,81
logan county,40,83
love county,40,85
mcclain county,40,87
mccurtain county,40,89
mcintosh county,40,91
major county,40,93
marshall county,40,95
mayes county,40,97
murray county,40,99
muskogee county,40,101
noble county,40,103
nowata county,40,105
okfuskee county,40,107
oklahoma county,40,109
okmulgee county,40,111
osage county,40,113
ottawa county,40,115
pawnee county,40,117
payne county,40,119
pittsburg county,40,121
pontotoc county,40,123
pottawatomie county,40,125
pushmataha county,40,127
roger mills county,40,129
rogers county,40,131
seminole county,40,133
sequoyah county,40,135
stephens county,40,137
texas county,40,139
tillman county,40,141
tulsa county,40,143
wagoner county,40,145
washington county,40,147
washita county,40,149
woods county,40,151
woodward county,40,153
baker county,41,1
benton county,41,3
clackamas county,41,5
clatsop county,41,7
columbia county,41,9
coos county,41,11
crook county,41,13
curry county,41,15
deschutes county,41,17
douglas county,41,19
gilliam county,41,21
grant county,41,23
harney county,41,25
hood river county,41,27
jackson county,41,29
jefferson county,41,31
josephine county,41,33
klamath county,41,35
lake county,41,37
lane county,41,39
lincoln county,41,41
linn county,41,43
malheur county,41,45
marion county,41,47
morrow county,41,49
multnomah county,41,51
polk county,41,53
sherman county,41,55
tillamook county,41,57
umatilla county,41,59
union county,41,61
wallowa county,41,63
wasco county,41,65
washington county,41,67
wheeler county,41,69
yamhill county,41,71
adams county,42,1
allegheny county,42,3
armstrong county,42,5
beaver county,42,7
bedford county,42,9
berks county,42,11
blair county,42,13
bradford county,42,15
bucks county,42,17
butler county,42,19
cambria county,42,21
cameron county,42,23
carbon county,42,25
centre county,42,27
chester county,42,29
clarion county,42,31
clearfield county,42,33
clinton county,42,35
columbia county,42,37
crawford county,42,39
cumberland county,42,41
dauphin county,42,43
delaware county,42,45
elk county,42,47
erie county,42,49
fayette county,42,51
forest county,42,53
franklin county,42,55
fulton county,42,57
greene county,42,59
huntingdon county,42,61
indiana county,42,63
jefferson county,42,65
juniata county,42,67
lackawanna county,42,69
lancaster county,42,71
lawrence county,42,73
lebanon county,42,75
lehigh county,42,77
luzerne county,42,79
lycoming county,42,81
mckean county,42,83
mercer county,42,85
mifflin county,42,87
monroe county,42,89
montgomery county,42,91
montour county,42,93
northampton county,42,95
northumberland county,42,97
perry county,42,99
philadelphia county/city,42,101
pike county,42,103
potter county,42,105
schuylkill county,42,107
snyder county,42,109
somerset county,42,111
sullivan county,42,113
susquehanna county,42,115
tioga county,42,117
union county,42,119
venango county,42,121
warren county,42,123
washington county,42,125
wayne county,42,127
westmoreland county,42,129
wyoming county,42,131
york county,42,133
bristol county,44,1
kent county,44,3
newport county,44,5
providence county,44,7
washington county,44,9
abbeville county,45,1
aiken county,45,3
allendale county,45,5
anderson county,45,7
bamberg county,45,9
barnwell county,45,11
beaufort county,45,13
berkeley county,45,15
calhoun county,45,17
charleston county,45,19
cherokee county,45,21
chester county,45,23
chesterfield county,45,25
clarendon county,45,27
colleton county,45,29
darlington county,45,31
dillon county,45,33
dorchester county,45,35
edgefield county,45,37
fairfield county,45,39
florence county,45,41
georgetown county,45,43
greenville county,45,45
greenwood county,45,47
hampton county,45,49
horry county,45,51
jasper county,45,53
kershaw county,45,55
lancaster county,45,57
laurens county,45,59
lee county,45,61
lexington county,45,63
mccormick county,45,65
marion county,45,67
marlboro county,45,69
newberry county,45,71
oconee county,45,73
orangeburg county,45,75
pickens county,45,77
richland county,45,79
saluda county,45,81
spartanburg county,45,83
sumter county,45,85
union county,45,87
williamsburg county,45,89
york county,45,91
aurora county,46,3
beadle county,46,5
bennett county,46,7
bon homme county,46,9
brookings county,46,11
brown county,46,13
brule county,46,15
buffalo county,46,17
butte county,46,19
campbell county,46,21
charles mix county,46,23
clark county,46,25
clay county,46,27
codington county,46,29
corson county,46,31
custer county,46,33
davison county,46,35
day county,46,37
deuel county,46,39
dewey county,46,41
douglas county,46,43
edmunds county,46,45
fall river county,46,47
faulk county,46,49
grant county,46,51
gregory county,46,53
haakon county,46,55
hamlin county,46,57
hand county,46,59
hanson county,46,61
harding county,46,63
hughes county,46,65
hutchinson county,46,67
hyde county,46,69
jackson county,46,71
jerauld county,46,73
jones county,46,75
kingsbury county,46,77
lake county,46,79
lawrence county,46,81
lincoln county,46,83
lyman county,46,85
mccook county,46,87
mcpherson county,46,89
marshall county,46,91
meade county,46,93
mellette county,46,95
miner county,46,97
minnehaha county,46,99
moody county,46,101
oglala lakota county,46,102
pennington county,46,103
perkins county,46,105
potter county,46,107
roberts county,46,109
sanborn county,46,111
spink county,46,115
stanley county,46,117
sully county,46,119
todd county,46,121
tripp county,46,123
turner county,46,125
union county,46,127
walworth county,46,129
yankton county,46,135
ziebach county,46,137
anderson county,47,1
bedford county,47,3
benton county,47,5
bledsoe county,47,7
blount county,47,9
bradley county,47,11
campbell county,47,13
cannon county,47,15
carroll county,47,17
carter county,47,19
cheatham county,47,21
chester county,47,23
claiborne county,47,25
clay county,47,27
cocke county,47,29
coffee county,47,31
crockett county,47,33
cumberland county,47,35
davidson county,47,37
decatur county,47,39
dekalb county,47,41
dickson county,47,43
dyer county,47,45
fayette county,47,47
fentress county,47,49
franklin county,47,51
gibson county,47,53
giles county,47,55
grainger county,47,57
greene county,47,59
grundy county,47,61
hamblen county,47,63
hamilton county,47,65
hancock county,47,67
hardeman county,47,69
hardin county,47,71
hawkins county,47,73
haywood county,47,75
henderson county,47,77
henry county,47,79
hickman county,47,81
houston county,47,83
humphreys county,47,85
jackson county,47,87
jefferson county,47,89
johnson county,47,91
knox county,47,93
lake county,47,95
lauderdale county,47,97
lawrence county,47,99
lewis county,47,101
lincoln county,47,103
loudon county,47,105
mcminn county,47,107
mcnairy county,47,109
macon county,47,111
madison county,47,113
marion county,47,115
marshall county,47,117
maury county,47,119
meigs county,47,121
monroe county,47,123
montgomery county,47,125
moore county,47,127
morgan county,47,129
obion county,47,131
overton county,47,133
perry county,47,135
pickett county,47,137
polk county,47,139
putnam county,47,141
rhea county,47,143
roane county,47,145
robertson county,47,147
rutherford county,47,149
scott county,47,151
sequatchie county,47,153
sevier county,47,155
shelby county,47,157
smith county,47,159
stewart county,47,161
sullivan county,47,163
sumner county,47,165
tipton county,47,167
trousdale county,47,169
unicoi county,47,171
union county,47,173
van buren county,47,175
warren county,47,177
washington county,47,179
wayne county,47,181
weakley county,47,183
white county,47,185
williamson county,47,187
wilson county,47,189
anderson county,48,1
andrews county,48,3
angelina county,48,5
aransas county,48,7
archer county,48,9
armstrong county,48,11
atascosa county,48,13
austin county,48,15
bailey county,48,17
bandera county,48,19
bastrop county,48,21
baylor county,48,23
bee county,48,25
bell county,48,27
bexar county,48,29
blanco county,48,31
borden county,48,33
bosque county,48,35
bowie county,48,37
brazoria county,48,39
brazos county,48,41
brewster county,48,43
briscoe county,48,45
brooks county,48,47
brown county,48,49
burleson county,48,51
burnet county,48,53
caldwell county,48,55
calhoun county,48,57
callahan county,48,59
cameron county,48,61
camp county,48,63
carson county,48,65
cass county,48,67
castro county,48,69
chambers county,48,71
cherokee county,48,73
childress county,48,75
clay county,48,77
cochran county,48,79
coke county,48,81
coleman county,48,83
collin county,48,85
collingsworth county,48,87
colorado county,48,89
comal county,48,91
comanche county,48,93
concho county,48,95
cooke county,48,97
coryell county,48,99
cottle county,48,101
crane county,48,103
crockett county,48,105
crosby county,48,107
culberson county,48,109
dallam county,48,111
dallas county,48,113
dawson county,48,115
deaf smith county,48,117
delta county,48,119
denton county,48,121
dewitt county,48,123
dickens county,48,125
dimmit county,48,127
donley county,48,129
duval county,48,131
eastland county,48,133
ector county,48,135
edwards county,48,137
ellis county,48,139
el paso county,48,141
erath county,48,143
falls county,48,145
fannin county,48,147
fayette county,48,149
fisher county,48,151
floyd county,48,153
foard county,48,155
fort bend county,48,157
franklin county,48,159
freestone county,48,161
frio county,48,163
gaines county,48,165
galveston county,48,167
garza county,48,169
gillespie county,48,171
glasscock county,48,173
goliad county,48,175
gonzales county,48,177
gray county,48,179
grayson county,48,181
gregg county,48,183
grimes county,48,185
guadalupe county,48,187
hale county,48,189
hall county,48,191
hamilton county,48,193
hansford county,48,195
hardeman county,48,197
hardin county,48,199
harris county,48,201
harrison county,48,203
hartley county,48,205
haskell county,48,207
hays county,48,209
hemphill county,48,211
henderson county,48,213
hidalgo county,48,215
hill county,48,217
hockley county,48,219
hood county,48,221
hopkins county,48,223
houston county,48,225
howard county,48,227
hudspeth county,48,229
hunt county,48,231
hutchinson county,48,233
irion county,48,235
jack county,48,237
jackson county,48,239
jasper county,48,241
jeff davis county,48,243
jefferson county,48,245
jim hogg county,48,247
jim wells county,48,249
johnson county,48,251
jones county,48,253
karnes county,48,255
kaufman county,48,257
kendall county,48,259
kenedy county,48,261
kent county,48,263
kerr county,48,265
kimble county,48,267
king county,48,269
kinney county,48,271
kleberg county,48,273
knox county,48,275
lamar county,48,277
lamb county,48,279
lampasas county,48,281
la salle county,48,283
lavaca county,48,285
lee county,48,287
leon county,48,289
liberty county,48,291
limestone county,48,293
lipscomb county,48,295
live oak county,48,297
llano county,48,299
loving county,48,301
lubbock county,48,303
lynn county,48,305
mcculloch county,48,307
mclennan county,48,309
mcmullen county,48,311
madison county,48,313
marion county,48,315
martin county,48,317
mason county,48,319
matagorda county,48,321
maverick county,48,323
medina county,48,325
menard county,48,327
midland county,48,329
milam county,48,331
mills county,48,333
mitchell county,48,335
montague county,48,337
montgomery county,48,339
moore county,48,341
morris county,48,343
motley county,48,345
nacogdoches county,48,347
navarro county,48,349
newton county,48,351
nolan county,48,353
nueces county,48,355
ochiltree county,48,357
oldham county,48,359
orange county,48,361
palo pinto county,48,363
panola county,48,365
parker county,48,367
parmer county,48,369
pecos county,48,371
polk county,48,373
potter county,48,375
presidio county,48,377
rains county,48,379
randall county,48,381
reagan county,48,383
real county,48,385
red river county,48,387
reeves county,48,389
refugio county,48,391
roberts county,48,393
robertson county,48,395
rockwall county,48,397
runnels county,48,399
rusk county,48,401
sabine county,48,403
san augustine county,48,405
san jacinto county,48,407
san patricio county,48,409
san saba county,48,411
schleicher county,48,413
scurry county,48,415
shackelford county,48,417
shelby county,48,419
sherman county,48,421
smith county,48,423
somervell county,48,425
starr county,48,427
stephens county,48,429
sterling county,48,431
stonewall county,48,433
sutton county,48,435
swisher county,48,437
tarrant county,48,439
taylor county,48,441
terrell county,48,443
terry county,48,445
throckmorton county,48,447
titus county,48,449
tom green county,48,451
travis county,48,453
trinity county,48,455
tyler county,48,457
upshur county,48,459
upton county,48,461
uvalde county,48,463
val verde county,48,465
van zandt county,48,467
victoria county,48,469
walker county,48,471
waller county,48,473
ward county,48,475
washington county,48,477
webb county,48,479
wharton county,48,481
wheeler county,48,483
wichita county,48,485
wilbarger county,48,487
willacy county,48,489
williamson county,48,491
wilson county,48,493
winkler county,48,495
wise county,48,497
wood county,48,499
yoakum county,48,501
young county,48,503
zapata county,48,505
zavala county,48,507
beaver county,49,1
box elder county,49,3
cache county,49,5
carbon county,49,7
daggett county,49,9
davis county,49,11
duchesne county,49,13
emery county,49,15
garfield county,49,17
grand county,49,19
iron county,49,21
juab county,49,23
kane county,49,25
millard county,49,27
morgan county,49,29
piute county,49,31
rich county,49,33
salt lake county,49,35
san juan county,49,37
sanpete county,49,39
sevier county,49,41
summit county,49,43
tooele county,49,45
uintah county,49,47
utah county,49,49
wasatch county,49,51
washington county,49,53
wayne county,49,55
weber county,49,57
addison county,50,1
bennington county,50,3
caledonia county,50,5
chittenden county,50,7
essex county,50,9
franklin county,50,11
grand isle county,50,13
lamoille county,50,15
orange county,50,17
orleans county,50,19
rutland county,50,21
washington county,50,23
windham county,50,25
windsor county,50,27
accomack county,51,1
albemarle county,51,3
alleghany county,51,5
amelia county,51,7
amherst county,51,9
appomattox county,51,11
arlington county,51,13
augusta county,51,15
bath county,51,17
bedford county,51,19
bland county,51,21
botetourt county,51,23
brunswick county,51,25
buchanan county,51,27
buckingham county,51,29
campbell county,51,31
caroline county,51,33
carroll county,51,35
charles city county,51,36
charlotte county,51,37
chesterfield county,51,41
clarke county,51,43
craig county,51,45
culpeper county,51,47
cumberland county,51,49
dickenson county,51,51
dinwiddie county,51,53
essex county,51,57
fairfax county,51,59
fauquier county,51,61
floyd county,51,63
fluvanna county,51,65
franklin county,51,67
frederick county,51,69
giles county,51,71
gloucester county,51,73
goochland county,51,75
grayson county,51,77
greene county,51,79
greensville county,51,81
halifax county,51,83
hanover county,51,85
henrico county,51,87
henry county,51,89
highland county,51,91
isle of wight county,51,93
james city county,51,95
king and queen county,51,97
king george county,51,99
king william county,51,101
lancaster county,51,103
lee county,51,105
loudoun county,51,107
louisa county,51,109
lunenburg county,51,111
madison county,51,113
mathews county,51,115
mecklenburg county,51,117
middlesex county,51,119
montgomery county,51,121
nelson county,51,125
new kent county,51,127
northampton county,51,131
northumberland county,51,133
nottoway county,51,135
orange county,51,137
page county,51,139
patrick county,51,141
pittsylvania county,51,143
powhatan county,51,145
prince edward county,51,147
prince george county,51,149
prince william county,51,153
pulaski county,51,155
rappahannock county,51,157
richmond county,51,159
roanoke county,51,161
rockbridge county,51,163
rockingham county,51,165
russell county,51,167
scott county,51,169
shenandoah county,51,171
smyth county,51,173
southampton county,51,175
spotsylvania county,51,177
stafford county,51,179
surry county,51,181
sussex county,51,183
tazewell county,51,185
warren county,51,187
washington county,51,191
westmoreland county,51,193
wise county,51,195
wythe county,51,197
york county,51,199
alexandria city,51,510
bristol city,51,520
buena vista city,51,530
charlottesville city,51,540
chesapeake city,51,550
colonial heights city,51,570
covington city,51,580
danville city,51,590
emporia city,51,595
fairfax city,51,600
falls church city,51,610
franklin city,51,620
fredericksburg city,51,630
galax city,51,640
hampton city,51,650
harrisonburg city,51,660
hopewell city,51,670
lexington city,51,678
lynchburg city,51,680
manassas city,51,683
manassas park city,51,685
martinsville city,51,690
newport news city,51,700
norfolk city,51,710
norton city,51,720
petersburg city,51,730
poquoson city,51,735
portsmouth city,51,740
radford city,51,750
richmond city,51,760
roanoke city,51,770
salem city,51,775
staunton city,51,790
suffolk city,51,800
virginia beach city,51,810
waynesboro city,51,820
williamsburg city,51,830
winchester city,51,840
adams county,53,1
asotin county,53,3
benton county,53,5
chelan county,53,7
clallam county,53,9
clark county,53,11
columbia county,53,13
cowlitz county,53,15
douglas county,53,17
ferry county,53,19
franklin county,53,21
garfield county,53,23
grant county,53,25
grays harbor county,53,27
island county,53,29
jefferson county,53,31
king county,53,33
kitsap county,53,35
kittitas county,53,37
klickitat county,53,39
lewis county,53,41
lincoln county,53,43
mason county,53,45
okanogan county,53,47
pacific county,53,49
pend oreille county,53,51
pierce county,53,53
san juan county,53,55
skagit county,53,57
skamania county,53,59
snohomish county,53,61
spokane county,53,63
stevens county,53,65
thurston county,53,67
wahkiakum county,53,69
walla walla county,53,71
whatcom county,53,73
whitman county,53,75
yakima county,53,77
barbour county,54,1
berkeley county,54,3
boone county,54,5
braxton county,54,7
brooke county,54,9
cabell county,54,11
calhoun county,54,13
clay county,54,15
doddridge county,54,17
fayette county,54,19
gilmer county,54,21
grant county,54,23
greenbrier county,54,25
hampshire county,54,27
hancock county,54,29
hardy county,54,31
harrison county,54,33
jackson county,54,35
jefferson county,54,37
kanawha county,54,39
lewis county,54,41
lincoln county,54,43
logan county,54,45
mcdowell county,54,47
marion county,54,49
marshall county,54,51
mason county,54,53
mercer county,54,55
mineral county,54,57
mingo county,54,59
monongalia county,54,61
monroe county,54,63
morgan county,54,65
nicholas county,54,67
ohio county,54,69
pendleton county,54,71
pleasants county,54,73
pocahontas county,54,75
preston county,54,77
putnam county,54,79
raleigh county,54,81
randolph county,54,83
ritchie county,54,85
roane county,54,87
summers county,54,89
taylor county,54,91
tucker county,54,93
tyler county,54,95
upshur county,54,97
wayne county,54,99
webster county,54,101
wetzel county,54,103
wirt county,54,105
wood county,54,107
wyoming county,54,109
adams county,55,1
ashland county,55,3
barron county,55,5
bayfield county,55,7
brown county,55,9
buffalo county,55,11
burnett county,55,13
calumet county,55,15
chippewa county,55,17
clark county,55,19
columbia county,55,21
crawford county,55,23
dane county,55,25
dodge county,55,27
door county,55,29
douglas county,55,31
dunn county,55,33
eau claire county,55,35
florence county,55,37
fond du lac county,55,39
forest county,55,41
grant county,55,43
green county,55,45
green lake county,55,47
iowa county,55,49
iron county,55,51
jackson county,55,53
jefferson county,55,55
juneau county,55,57
kenosha county,55,59
kewaunee county,55,61
la crosse county,55,63
lafayette county,55,65
langlade county,55,67
lincoln county,55,69
manitowoc county,55,71
marathon county,55,73
marinette county,55,75
marquette county,55,77
menominee county,55,78
milwaukee county,55,79
monroe county,55,81
oconto county,55,83
oneida county,55,85
outagamie county,55,87
ozaukee county,55,89
pepin county,55,91
pierce county,55,93
polk county,55,95
portage county,55,97
price county,55,99
racine county,55,101
richland county,55,103
rock county,55,105
rusk county,55,107
st. croix county,55,109
sauk county,55,111
sawyer county,55,113
shawano county,55,115
sheboygan county,55,117
taylor county,55,119
trempealeau county,55,121
vernon county,55,123
vilas county,55,125
walworth county,55,127
washburn county,55,129
washington county,55,131
waukesha county,55,133
waupaca county,55,135
waushara county,55,137
winnebago county,55,139
wood county,55,141
albany county,56,1
big horn county,56,3
campbell county,56,5
carbon county,56,7
converse county,56,9
crook county,56,11
fremont county,56,13
goshen county,56,15
hot springs county,56,17
johnson county,56,19
laramie county,56,21
lincoln county,56,23
natrona county,56,25
niobrara county,56,27
park county,56,29
platte county,56,31
sheridan county,56,33
sublette county,56,35
sweetwater county,56,37
teton county,56,39
uinta county,56,41
washakie county,56,43
weston county,56,45
adjuntas municipio,72,1
aguada municipio,72,3
aguadilla municipio,72,5
aguas buenas municipio,72,7
aibonito municipio,72,9
anasco municipio,72,11
arecibo municipio,72,13
arroyo municipio,72,15
barceloneta municipio,72,17
barranquitas municipio,72,19
bayamon municipio,72,21
cabo rojo municipio,72,23
caguas municipio,72,25
camuy municipio,72,27
canovanas municipio,72,29
carolina municipio,72,31
catano municipio,72,33
cayey municipio,72,35
ceiba municipio,72,37
ciales municipio,72,39
cidra municipio,72,41
coamo municipio,72,43
comerio municipio,72,45
corozal municipio,72,47
culebra municipio,72,49
dorado municipio,72,51
fajardo municipio,72,53
florida municipio,72,54
guanica municipio,72,55
guayama municipio,72,57
guayanilla municipio,72,59
guaynabo municipio,72,61
gurabo municipio,72,63
hatillo municipio,72,65
hormigueros municipio,72,67
humacao municipio,72,69
isabela municipio,72,71
jayuya municipio,72,73
juana diaz municipio,72,75
juncos municipio,72,77
lajas municipio,72,79
lares municipio,72,81
las marias municipio,72,83
las piedras municipio,72,85
loiza municipio,72,87
luquillo municipio,72,89
manati municipio,72,91
maricao municipio,72,93
maunabo municipio,72,95
mayaguez municipio,72,97
moca municipio,72,99
morovis municipio,72,101
naguabo municipio,72,103
naranjito municipio,72,105
orocovis municipio,72,107
patillas municipio,72,109
penuelas municipio,72,111
ponce municipio,72,113
quebradillas municipio,72,115
rincon municipio,72,117
rio grande municipio,72,119
sabana grande municipio,72,121
salinas municipio,72,123
san german municipio,72,125
san juan municipio,72,127
san lorenzo municipio,72,129
san sebastian municipio,72,131
santa isabel municipio,72,133
toa alta municipio,72,135
toa baja municipio,72,137
trujillo alto municipio,72,139
utuado municipio,72,141
vega alta municipio,72,143
vega baja municipio,72,145
vieques municipio,72,147
villalba municipio,72,149
yabucoa municipio,72,151
yauco municipio,72,153

